Workbook

Sheet 📋 Instruções
B2: BÔNUS 02 · FERRAMENTA EXCLUSIVA
B3: MATRIZ DE DELEGAÇÃO ESTRATÉGICA
B4: Plano Capital Business · Hewerton Scheidegger
B5: “Você cresce, seus negócios crescem também.”
B9: "Você sabe exatamente quanto custa a sua hora de trabalho? Se você está realizando tarefas administrativas, operacionais ou de suporte, você está prestando um desserviço à sua empresa. Esta é a ferramenta exata que usamos para auditar a rotina de empresários que faturam milhões."
B11: 01 | C11: PASSO 01 — ABA 'INVENTÁRIO DE TEMPO'
C12: Liste todas as atividades que você realizou na última semana de trabalho. Para cada atividade, informe o tempo gasto, o nível de complexidade e o valor gerado para o negócio. Seja honesto e detalhado — quanto mais preciso, mais revelador será o diagnóstico.
B14: 02 | C14: PASSO 02 — ABA 'MATRIZ DE DECISÃO'
C15: A matriz é preenchida automaticamente com base nos dados do Inventário. O quadrante automático categoriza cada tarefa em: ELIMINAR, AUTOMATIZAR, DELEGAR ou MANTER (Foco do CEO). O resultado vai te assustar — mas também vai te libertar.
B17: 03 | C17: PASSO 03 — ABA 'PLANO DE AÇÃO'
C18: Para cada tarefa categorizada como DELEGAR, preencha o plano de ação: quem assumirá a tarefa, o prazo para treinamento e o indicador de sucesso. Traga este plano preenchido para a masterclass do dia 1º de setembro.
B20: OS 4 QUADRANTES ESTRATÉGICOS
B21: ELIMINAR | D21: Baixo valor + Baixa complexidade | F21: Distrações que consomem tempo sem gerar resultado.
B22: AUTOMATIZAR | D22: Alto valor + Baixa complexidade | F22: Tarefas repetitivas e de alto valor que podem ser automatizadas.
B23: DELEGAR | D23: Baixo valor + Alta complexidade | F23: Tarefas técnicas que não exigem a presença do CEO.
B24: MANTER — FOCO DO CEO | D24: Alto valor + Alta complexidade | F24: Estratégia, visão, grandes negociações e decisões de alto impacto.
B26: PLANO CAPITAL BUSINESS · HEWERTON SCHEIDEGGER · USO EXCLUSIVO DOS PARTICIPANTES

Sheet 📊 Inventário de Tempo
A2: INVENTÁRIO DE TEMPO — O DIAGNÓSTICO
A3: Liste todas as atividades realizadas na última semana de trabalho
A7: SUA HORA VALE QUANTO?
A8: Faturamento mensal da empresa | C8: Preencha os dois campos ao lado para a planilha calcular quanto custa cada hora sua. Esse número alimenta o painel de impacto na aba Matriz de Decisão — e revela, em reais, quanto você queima por mês executando tarefas que deveriam estar com outra pessoa.
A9: Horas que você trabalha por mês
A10: VALOR DA SUA HORA | B10: =IF(OR($B$8="",$B$9="",$B$9=0),"",$B$8/$B$9)
A12: ATIVIDADE / TAREFA | B12: TEMPO GASTO (horas) | C12: COMPLEXIDADE (Baixo / Médio / Alto) | D12: VALOR GERADO (Baixo / Médio / Alto) | E12: PODE SER DELEGADA? | F12: OBSERVAÇÕES
A33: TOTAL DE HORAS NA SEMANA | B33: =SUM(B13:B32) | C33: horas | E33: DELEGÁVEIS: | F33: =SUMIF(E13:E32,"Sim",B13:B32)&" h de "&SUM(B13:B32)&" h"
A35: PLANO CAPITAL BUSINESS · HEWERTON SCHEIDEGGER · USO EXCLUSIVO DOS PARTICIPANTES

Sheet 🎯 Matriz de Decisão
A2: MATRIZ DE DECISÃO — O PROCESSAMENTO
A3: Categorização automática das suas atividades em 4 quadrantes estratégicos
A7: O IMPACTO EM NÚMEROS
A9: HORAS POR SEMANA | C9: DO SEU TEMPO | E9: QUEIMADOS POR MÊS
A10: =SUM($C$45:$C$47) | C10: =IF(SUM($C$45:$C$48)=0,"",SUM($C$45:$C$47)/SUM($C$45:$C$48)) | E10: =IF(ISNUMBER('📊 Inventário de Tempo'!$B$10),SUM($C$45:$C$47)*4.33*'📊 Inventário de Tempo'!$B$10,"—")
A11: que não deveriam estar com você | C11: gasto fora da cadeira de CEO | E11: ao seu próprio custo por hora
A14: OS 4 QUADRANTES ESTRATÉGICOS | I14: TABELA DE APOIO — NÃO EDITAR
A15: ELIMINAR | B15: Baixo valor + Baixa complexidade | D15: Distrações que consomem tempo sem gerar resultado. | I15: VALOR \ COMPLEXIDADE | J15: Baixo | K15: Médio | L15: Alto
A16: AUTOMATIZAR | B16: Alto valor + Baixa complexidade | D16: Tarefas repetitivas e de alto valor que podem ser automatizadas. | I16: Baixo | J16: ELIMINAR | K16: DELEGAR | L16: DELEGAR
A17: DELEGAR | B17: Baixo valor + Alta complexidade | D17: Tarefas técnicas que não exigem a presença do CEO. | I17: Médio | J17: AUTOMATIZAR | K17: DELEGAR | L17: DELEGAR
A18: MANTER — FOCO DO CEO | B18: Alto valor + Alta complexidade | D18: Estratégia, visão, grandes negociações e decisões de alto impacto. | I18: Alto | J18: AUTOMATIZAR | K18: MANTER — FOCO DO CEO | L18: MANTER — FOCO DO CEO
A20: CATEGORIZAÇÃO DAS SUAS ATIVIDADES · preenchida automaticamente pelo Inventário
A21: ATIVIDADE (automático) | B21: VALOR (automático) | C21: COMPLEXIDADE (automático) | D21: QUADRANTE RESULTANTE (automático) | E21: AÇÃO IMEDIATA | F21: PRAZO | G21: RESPONSÁVEL
A22: =IF('📊 Inventário de Tempo'!A13="","",'📊 Inventário de Tempo'!A13) | B22: =IF($A22="","",'📊 Inventário de Tempo'!D13) | C22: =IF($A22="","",'📊 Inventário de Tempo'!C13) | D22: =IF(OR($B22="",$C22=""),"",INDEX($J$16:$L$18,MATCH($B22,$I$16:$I$18,0),MATCH($C22,$J$15:$L$15,0))) | H22: =IF($A22="",0,'📊 Inventário de Tempo'!B13)
A23: =IF('📊 Inventário de Tempo'!A14="","",'📊 Inventário de Tempo'!A14) | B23: =IF($A23="","",'📊 Inventário de Tempo'!D14) | C23: =IF($A23="","",'📊 Inventário de Tempo'!C14) | D23: =IF(OR($B23="",$C23=""),"",INDEX($J$16:$L$18,MATCH($B23,$I$16:$I$18,0),MATCH($C23,$J$15:$L$15,0))) | H23: =IF($A23="",0,'📊 Inventário de Tempo'!B14)
A24: =IF('📊 Inventário de Tempo'!A15="","",'📊 Inventário de Tempo'!A15) | B24: =IF($A24="","",'📊 Inventário de Tempo'!D15) | C24: =IF($A24="","",'📊 Inventário de Tempo'!C15) | D24: =IF(OR($B24="",$C24=""),"",INDEX($J$16:$L$18,MATCH($B24,$I$16:$I$18,0),MATCH($C24,$J$15:$L$15,0))) | H24: =IF($A24="",0,'📊 Inventário de Tempo'!B15)
A25: =IF('📊 Inventário de Tempo'!A16="","",'📊 Inventário de Tempo'!A16) | B25: =IF($A25="","",'📊 Inventário de Tempo'!D16) | C25: =IF($A25="","",'📊 Inventário de Tempo'!C16) | D25: =IF(OR($B25="",$C25=""),"",INDEX($J$16:$L$18,MATCH($B25,$I$16:$I$18,0),MATCH($C25,$J$15:$L$15,0))) | H25: =IF($A25="",0,'📊 Inventário de Tempo'!B16)
A26: =IF('📊 Inventário de Tempo'!A17="","",'📊 Inventário de Tempo'!A17) | B26: =IF($A26="","",'📊 Inventário de Tempo'!D17) | C26: =IF($A26="","",'📊 Inventário de Tempo'!C17) | D26: =IF(OR($B26="",$C26=""),"",INDEX($J$16:$L$18,MATCH($B26,$I$16:$I$18,0),MATCH($C26,$J$15:$L$15,0))) | H26: =IF($A26="",0,'📊 Inventário de Tempo'!B17)
A27: =IF('📊 Inventário de Tempo'!A18="","",'📊 Inventário de Tempo'!A18) | B27: =IF($A27="","",'📊 Inventário de Tempo'!D18) | C27: =IF($A27="","",'📊 Inventário de Tempo'!C18) | D27: =IF(OR($B27="",$C27=""),"",INDEX($J$16:$L$18,MATCH($B27,$I$16:$I$18,0),MATCH($C27,$J$15:$L$15,0))) | H27: =IF($A27="",0,'📊 Inventário de Tempo'!B18)
A28: =IF('📊 Inventário de Tempo'!A19="","",'📊 Inventário de Tempo'!A19) | B28: =IF($A28="","",'📊 Inventário de Tempo'!D19) | C28: =IF($A28="","",'📊 Inventário de Tempo'!C19) | D28: =IF(OR($B28="",$C28=""),"",INDEX($J$16:$L$18,MATCH($B28,$I$16:$I$18,0),MATCH($C28,$J$15:$L$15,0))) | H28: =IF($A28="",0,'📊 Inventário de Tempo'!B19)
A29: =IF('📊 Inventário de Tempo'!A20="","",'📊 Inventário de Tempo'!A20) | B29: =IF($A29="","",'📊 Inventário de Tempo'!D20) | C29: =IF($A29="","",'📊 Inventário de Tempo'!C20) | D29: =IF(OR($B29="",$C29=""),"",INDEX($J$16:$L$18,MATCH($B29,$I$16:$I$18,0),MATCH($C29,$J$15:$L$15,0))) | H29: =IF($A29="",0,'📊 Inventário de Tempo'!B20)
A30: =IF('📊 Inventário de Tempo'!A21="","",'📊 Inventário de Tempo'!A21) | B30: =IF($A30="","",'📊 Inventário de Tempo'!D21) | C30: =IF($A30="","",'📊 Inventário de Tempo'!C21) | D30: =IF(OR($B30="",$C30=""),"",INDEX($J$16:$L$18,MATCH($B30,$I$16:$I$18,0),MATCH($C30,$J$15:$L$15,0))) | H30: =IF($A30="",0,'📊 Inventário de Tempo'!B21)
A31: =IF('📊 Inventário de Tempo'!A22="","",'📊 Inventário de Tempo'!A22) | B31: =IF($A31="","",'📊 Inventário de Tempo'!D22) | C31: =IF($A31="","",'📊 Inventário de Tempo'!C22) | D31: =IF(OR($B31="",$C31=""),"",INDEX($J$16:$L$18,MATCH($B31,$I$16:$I$18,0),MATCH($C31,$J$15:$L$15,0))) | H31: =IF($A31="",0,'📊 Inventário de Tempo'!B22)
A32: =IF('📊 Inventário de Tempo'!A23="","",'📊 Inventário de Tempo'!A23) | B32: =IF($A32="","",'📊 Inventário de Tempo'!D23) | C32: =IF($A32="","",'📊 Inventário de Tempo'!C23) | D32: =IF(OR($B32="",$C32=""),"",INDEX($J$16:$L$18,MATCH($B32,$I$16:$I$18,0),MATCH($C32,$J$15:$L$15,0))) | H32: =IF($A32="",0,'📊 Inventário de Tempo'!B23)
A33: =IF('📊 Inventário de Tempo'!A24="","",'📊 Inventário de Tempo'!A24) | B33: =IF($A33="","",'📊 Inventário de Tempo'!D24) | C33: =IF($A33="","",'📊 Inventário de Tempo'!C24) | D33: =IF(OR($B33="",$C33=""),"",INDEX($J$16:$L$18,MATCH($B33,$I$16:$I$18,0),MATCH($C33,$J$15:$L$15,0))) | H33: =IF($A33="",0,'📊 Inventário de Tempo'!B24)
... A41: =IF('📊 Inventário de Tempo'!A32="","",'📊 Inventário de Tempo'!A32) | B41: =IF($A41="","",'📊 Inventário de Tempo'!D32) | C41: =IF($A41="","",'📊 Inventário de Tempo'!C32) | D41: =IF(OR($B41="",$C41=""),"",INDEX($J$16:$L$18,MATCH($B41,$I$16:$I$18,0),MATCH($C41,$J$15:$L$15,0))) | H41: =IF($A41="",0,'📊 Inventário de Tempo'!B32)
A43: DIAGNÓSTICO CONSOLIDADO
A44: QUADRANTE | B44: Nº DE TAREFAS | C44: HORAS / SEMANA | D44: % DO SEU TEMPO
A45: ELIMINAR | B45: =COUNTIF($D$22:$D$41,$A45) | C45: =SUMIF($D$22:$D$41,$A45,$H$22:$H$41) | D45: =IF(SUM($C$45:$C$48)=0,"",C45/SUM($C$45:$C$48))
A46: AUTOMATIZAR | B46: =COUNTIF($D$22:$D$41,$A46) | C46: =SUMIF($D$22:$D$41,$A46,$H$22:$H$41) | D46: =IF(SUM($C$45:$C$48)=0,"",C46/SUM($C$45:$C$48))
A47: DELEGAR | B47: =COUNTIF($D$22:$D$41,$A47) | C47: =SUMIF($D$22:$D$41,$A47,$H$22:$H$41) | D47: =IF(SUM($C$45:$C$48)=0,"",C47/SUM($C$45:$C$48))
A48: MANTER — FOCO DO CEO | B48: =COUNTIF($D$22:$D$41,$A48) | C48: =SUMIF($D$22:$D$41,$A48,$H$22:$H$41) | D48: =IF(SUM($C$45:$C$48)=0,"",C48/SUM($C$45:$C$48))
A49: HORAS QUE NÃO DEVERIAM ESTAR COM VOCÊ | C49: =SUM($C$45:$C$47) | D49: =IF(SUM($C$45:$C$48)=0,"",SUM($C$45:$C$47)/SUM($C$45:$C$48)) | E49: Soma de ELIMINAR + AUTOMATIZAR + DELEGAR
A51: LEITURA VISUAL DO SEU TEMPO
A72: PLANO CAPITAL BUSINESS · HEWERTON SCHEIDEGGER · USO EXCLUSIVO DOS PARTICIPANTES

Sheet 🚀 Plano de Ação
A2: PLANO DE AÇÃO DE DELEGAÇÃO — A EXECUÇÃO
A3: Para cada tarefa categorizada como DELEGAR, defina o plano de transferência
A7: TAREFA A DELEGAR | B7: QUEM ASSUMIRÁ (Nome / Cargo) | C7: PRAZO PARA TREINAMENTO | D7: INDICADOR DE SUCESSO (como saber se está sendo bem feito) | E7: DATA DE TRANSFERÊNCIA | F7: STATUS
A24: "Traga este plano preenchido para a masterclass do dia 1º de setembro. O diagnóstico que você fará com essa ferramenta vai mudar a sua percepção sobre o seu próprio negócio."
A26: PLANO CAPITAL BUSINESS · HEWERTON SCHEIDEGGER · USO EXCLUSIVO DOS PARTICIPANTES
